{
  "IsEncrypted": false,
  "Values": {
    "WEBSITE_SLOT_NAME": "Production",
    "FUNCTIONS_EXTENSION_VERSION": "~4",
    "ScmType": "None",
    "WEBSITE_AUTH_ENABLED": "False",
    "REMOTEDEBUGGINGVERSION": "16.0.32106.67",
    "APPLICATIONINSIGHTS_CONNECTION_STRING": "InstrumentationKey=d2cf4163-f000-4107-a730-ffc006298862;IngestionEndpoint=https://westeurope-5.in.applicationinsights.azure.com/;LiveEndpoint=https://westeurope.livediagnostics.monitor.azure.com/",
    "FUNCTIONS_RUNTIME_SCALE_MONITORING_ENABLED": "0",
    "APPINSIGHTS_INSTRUMENTATIONKEY": "d2cf4163-f000-4107-a730-ffc006298862",
    "AzureWebJobs.Start-DeallocateVM.Disabled": "1",
    "WEBSITE_CONTENTAZUREFILECONNECTIONSTRING": "DefaultEndpointsProtocol=https;AccountName=samemdroid;AccountKey=zq0hJdB5HEaX5XMEpzjN8lUcJlgKMPgwi+9UTx50WRV1Wg2+GPuDXbgoJi41rKJx+RhPJFQZ/juypQ6Yg1W9Vw==;EndpointSuffix=core.windows.net",
    "WEBSITE_CONTENTSHARE": "avd-deallocatevm856a",
    "WEBSITE_AUTH_AUTO_AAD": "False",
    "AzureWebJobsStorage": "DefaultEndpointsProtocol=https;AccountName=samemdroid;AccountKey=zq0hJdB5HEaX5XMEpzjN8lUcJlgKMPgwi+9UTx50WRV1Wg2+GPuDXbgoJi41rKJx+RhPJFQZ/juypQ6Yg1W9Vw==;EndpointSuffix=core.windows.net",
    "FUNCTIONS_WORKER_RUNTIME": "powershell",
    "WEBSITE_SITE_NAME": "avd-deallocatevm",
    "WEBSITE_AUTH_LOGOUT_PATH": "/.auth/logout",
    "ResourceGroupName": "RG-EUW-DWLAB-DEMO"
  }
}